<?xml version="1.0" encoding="UTF-8"?>
<project-private xmlns="http://www.netbeans.org/ns/project-private/1">
    <editor-bookmarks xmlns="http://www.netbeans.org/ns/editor-bookmarks/2" lastBookmarkId="0"/>
    <open-files xmlns="http://www.netbeans.org/ns/projectui-open-files/2">
        <group>
            <file>file:/C:/Users/jorma/OneDrive%20-%20Educacyl/DAW/1º/PROG/PROG07/PROG07_Tarea/src/Cuenta/CuentaAhorro.java</file>
            <file>file:/C:/Users/jorma/OneDrive%20-%20Educacyl/DAW/1º/PROG/PROG07/PROG07_Tarea/src/Cuenta/CuentaBancaria.java</file>
            <file>file:/C:/Users/jorma/OneDrive%20-%20Educacyl/DAW/1º/PROG/PROG07/PROG07_Tarea/src/Cuenta/Banco.java</file>
            <file>file:/C:/Users/jorma/OneDrive%20-%20Educacyl/DAW/1º/PROG/PROG07/PROG07_Tarea/src/Cuenta/CuentaCorrientePersonal.java</file>
            <file>file:/C:/Users/jorma/OneDrive%20-%20Educacyl/DAW/1º/PROG/PROG07/PROG07_Tarea/src/Cuenta/CuentaCorrienteEmpresa.java</file>
            <file>file:/C:/Users/jorma/OneDrive%20-%20Educacyl/DAW/1º/PROG/PROG07/PROG07_Tarea/src/Cuenta/CuentaCorriente.java</file>
            <file>file:/C:/Users/jorma/OneDrive%20-%20Educacyl/DAW/1º/PROG/PROG07/PROG07_Tarea/src/Cuenta/Imprimible.java</file>
            <file>file:/C:/Users/jorma/OneDrive%20-%20Educacyl/DAW/1º/PROG/PROG07/PROG07_Tarea/src/Comprobaciones/Comprobaciones.java</file>
            <file>file:/C:/Users/jorma/OneDrive%20-%20Educacyl/DAW/1º/PROG/PROG07/PROG07_Tarea/src/Principal/Main.java</file>
        </group>
    </open-files>
</project-private>
